-- ============================================================
-- SEED DATA - AycanOps
-- Çalıştır: mysql -u agnowzbg_aycanops -p agnowzbg_aycanops < seed.sql
-- ============================================================

SET NAMES utf8mb4;
SET foreign_key_checks = 0;

-- ============================================================
-- DEPARTMENTS (Departmanlar)
-- ============================================================
INSERT IGNORE INTO departments (id, name, is_active, created_at, updated_at) VALUES
  ('dept-0001-0000-0000-000000000001', 'Yönetim',         1, '2026-01-01T08:00:00.000Z', '2026-01-01T08:00:00.000Z'),
  ('dept-0001-0000-0000-000000000002', 'Operasyon',        1, '2026-01-01T08:00:00.000Z', '2026-01-01T08:00:00.000Z'),
  ('dept-0001-0000-0000-000000000003', 'Teknik',           1, '2026-01-01T08:00:00.000Z', '2026-01-01T08:00:00.000Z'),
  ('dept-0001-0000-0000-000000000004', 'İnsan Kaynakları', 1, '2026-01-01T08:00:00.000Z', '2026-01-01T08:00:00.000Z'),
  ('dept-0001-0000-0000-000000000005', 'Muhasebe',         1, '2026-01-01T08:00:00.000Z', '2026-01-01T08:00:00.000Z');

-- ============================================================
-- USERS (Kullanıcılar)
-- Şifreler: hepsi "Aycan2026!" → bcrypt hash
-- ============================================================
-- Hash üretmek için: node -e "const b=require('bcrypt');b.hash('Aycan2026!',10).then(h=>console.log(h))"
-- Önceden üretilmiş hash ($2b$10$...):
INSERT IGNORE INTO users (id, username, password_hash, full_name, role, department_id, is_active, created_at, updated_at) VALUES
  ('user-0001-0000-0000-000000000001', 'admin',
   '$2a$10$eVJclkcVEC5E7UP02s0DRuXOr4/kqRK73wYmGsXuV0N174bHoUWKi',
   'Sistem Yöneticisi', 'admin',    'dept-0001-0000-0000-000000000001', 1, '2026-01-01T08:00:00.000Z', '2026-01-01T08:00:00.000Z'),
  ('user-0001-0000-0000-000000000002', 'aycan.yilmaz',
   '$2a$10$eVJclkcVEC5E7UP02s0DRuXOr4/kqRK73wYmGsXuV0N174bHoUWKi',
   'Aycan Yılmaz', 'yonetici', 'dept-0001-0000-0000-000000000001', 1, '2026-01-01T08:00:00.000Z', '2026-01-01T08:00:00.000Z'),
  ('user-0001-0000-0000-000000000003', 'mehmet.kaya',
   '$2a$10$eVJclkcVEC5E7UP02s0DRuXOr4/kqRK73wYmGsXuV0N174bHoUWKi',
   'Mehmet Kaya', 'yetkili',  'dept-0001-0000-0000-000000000002', 1, '2026-01-01T08:00:00.000Z', '2026-01-01T08:00:00.000Z'),
  ('user-0001-0000-0000-000000000004', 'fatma.demir',
   '$2a$10$eVJclkcVEC5E7UP02s0DRuXOr4/kqRK73wYmGsXuV0N174bHoUWKi',
   'Fatma Demir', 'personel', 'dept-0001-0000-0000-000000000002', 1, '2026-01-01T08:00:00.000Z', '2026-01-01T08:00:00.000Z'),
  ('user-0001-0000-0000-000000000005', 'ali.celik',
   '$2a$10$eVJclkcVEC5E7UP02s0DRuXOr4/kqRK73wYmGsXuV0N174bHoUWKi',
   'Ali Çelik', 'personel',  'dept-0001-0000-0000-000000000003', 1, '2026-01-01T08:00:00.000Z', '2026-01-01T08:00:00.000Z'),
  ('user-0001-0000-0000-000000000006', 'zeynep.arslan',
   '$2a$10$eVJclkcVEC5E7UP02s0DRuXOr4/kqRK73wYmGsXuV0N174bHoUWKi',
   'Zeynep Arslan', 'yetkili', 'dept-0001-0000-0000-000000000003', 1, '2026-01-01T08:00:00.000Z', '2026-01-01T08:00:00.000Z'),
  ('user-0001-0000-0000-000000000007', 'hasan.ozturk',
   '$2a$10$eVJclkcVEC5E7UP02s0DRuXOr4/kqRK73wYmGsXuV0N174bHoUWKi',
   'Hasan Öztürk', 'personel', 'dept-0001-0000-0000-000000000004', 1, '2026-01-01T08:00:00.000Z', '2026-01-01T08:00:00.000Z');

-- ============================================================
-- CONFIG: Ticket & Worklog Categories
-- ============================================================
INSERT IGNORE INTO config_categories (id, type, name, color, is_active, created_at, updated_at) VALUES
  ('cat-0001-0000-0000-000000000001', 'ticket',  'Teknik Arıza',     '#ef4444', 1, '2026-01-01T08:00:00.000Z', '2026-01-01T08:00:00.000Z'),
  ('cat-0001-0000-0000-000000000002', 'ticket',  'Yazılım',          '#3b82f6', 1, '2026-01-01T08:00:00.000Z', '2026-01-01T08:00:00.000Z'),
  ('cat-0001-0000-0000-000000000003', 'ticket',  'Donanım',          '#f59e0b', 1, '2026-01-01T08:00:00.000Z', '2026-01-01T08:00:00.000Z'),
  ('cat-0001-0000-0000-000000000004', 'ticket',  'Genel İstek',      '#10b981', 1, '2026-01-01T08:00:00.000Z', '2026-01-01T08:00:00.000Z'),
  ('cat-0001-0000-0000-000000000005', 'ticket',  'Bilgi Talebi',     '#8b5cf6', 1, '2026-01-01T08:00:00.000Z', '2026-01-01T08:00:00.000Z'),
  ('cat-0001-0000-0000-000000000006', 'worklog', 'Bakım',            '#6366f1', 1, '2026-01-01T08:00:00.000Z', '2026-01-01T08:00:00.000Z'),
  ('cat-0001-0000-0000-000000000007', 'worklog', 'Saha Çalışması',   '#f97316', 1, '2026-01-01T08:00:00.000Z', '2026-01-01T08:00:00.000Z'),
  ('cat-0001-0000-0000-000000000008', 'worklog', 'Toplantı',         '#06b6d4', 1, '2026-01-01T08:00:00.000Z', '2026-01-01T08:00:00.000Z'),
  ('cat-0001-0000-0000-000000000009', 'worklog', 'Raporlama',        '#84cc16', 1, '2026-01-01T08:00:00.000Z', '2026-01-01T08:00:00.000Z'),
  ('cat-0001-0000-0000-000000000010', 'worklog', 'Sürücü Denetimi',  '#ec4899', 1, '2026-01-01T08:00:00.000Z', '2026-01-01T08:00:00.000Z');

-- ============================================================
-- CONFIG: Tags
-- ============================================================
INSERT IGNORE INTO config_tags (id, type, name, color, is_active, created_at, updated_at) VALUES
  ('tag-0001-0000-0000-000000000001', 'ticket', 'acil',      '#ef4444', 1, '2026-01-01T08:00:00.000Z', '2026-01-01T08:00:00.000Z'),
  ('tag-0001-0000-0000-000000000002', 'ticket', 'bekleyen',  '#f59e0b', 1, '2026-01-01T08:00:00.000Z', '2026-01-01T08:00:00.000Z'),
  ('tag-0001-0000-0000-000000000003', 'ticket', '3. taraf',  '#6366f1', 1, '2026-01-01T08:00:00.000Z', '2026-01-01T08:00:00.000Z'),
  ('tag-0001-0000-0000-000000000004', 'worklog','saha',      '#f97316', 1, '2026-01-01T08:00:00.000Z', '2026-01-01T08:00:00.000Z'),
  ('tag-0001-0000-0000-000000000005', 'worklog','ofis',      '#3b82f6', 1, '2026-01-01T08:00:00.000Z', '2026-01-01T08:00:00.000Z'),
  ('tag-0001-0000-0000-000000000006', 'todo',   'önemli',    '#ef4444', 1, '2026-01-01T08:00:00.000Z', '2026-01-01T08:00:00.000Z'),
  ('tag-0001-0000-0000-000000000007', 'todo',   'rutin',     '#10b981', 1, '2026-01-01T08:00:00.000Z', '2026-01-01T08:00:00.000Z');

-- ============================================================
-- CONFIG: Priorities
-- ============================================================
INSERT IGNORE INTO config_priorities (id, type, code, label, sort_order, is_active, created_at, updated_at) VALUES
  ('pri-0001-0000-0000-000000000001', 'ticket', 'critical', 'Kritik',    1, 1, '2026-01-01T08:00:00.000Z', '2026-01-01T08:00:00.000Z'),
  ('pri-0001-0000-0000-000000000002', 'ticket', 'high',     'Yüksek',   2, 1, '2026-01-01T08:00:00.000Z', '2026-01-01T08:00:00.000Z'),
  ('pri-0001-0000-0000-000000000003', 'ticket', 'medium',   'Orta',      3, 1, '2026-01-01T08:00:00.000Z', '2026-01-01T08:00:00.000Z'),
  ('pri-0001-0000-0000-000000000004', 'ticket', 'low',      'Düşük',    4, 1, '2026-01-01T08:00:00.000Z', '2026-01-01T08:00:00.000Z'),
  ('pri-0001-0000-0000-000000000005', 'todo',   'high',     'Yüksek',   1, 1, '2026-01-01T08:00:00.000Z', '2026-01-01T08:00:00.000Z'),
  ('pri-0001-0000-0000-000000000006', 'todo',   'medium',   'Orta',      2, 1, '2026-01-01T08:00:00.000Z', '2026-01-01T08:00:00.000Z'),
  ('pri-0001-0000-0000-000000000007', 'todo',   'low',      'Düşük',    3, 1, '2026-01-01T08:00:00.000Z', '2026-01-01T08:00:00.000Z');

-- ============================================================
-- CONFIG: Ticket Statuses
-- ============================================================
INSERT IGNORE INTO config_ticket_statuses (code, label, sort_order, is_terminal, is_active, created_at, updated_at) VALUES
  ('open',        'Açık',         1, 0, 1, '2026-01-01T08:00:00.000Z', '2026-01-01T08:00:00.000Z'),
  ('in_progress', 'İşlemde',      2, 0, 1, '2026-01-01T08:00:00.000Z', '2026-01-01T08:00:00.000Z'),
  ('waiting',     'Bekliyor',     3, 0, 1, '2026-01-01T08:00:00.000Z', '2026-01-01T08:00:00.000Z'),
  ('solved',      'Çözüldü',      4, 1, 1, '2026-01-01T08:00:00.000Z', '2026-01-01T08:00:00.000Z'),
  ('closed',      'Kapatıldı',    5, 1, 1, '2026-01-01T08:00:00.000Z', '2026-01-01T08:00:00.000Z');

-- ============================================================
-- CONFIG: Worklog Statuses
-- ============================================================
INSERT IGNORE INTO config_worklog_statuses (code, label, sort_order, is_terminal, is_active, created_at, updated_at) VALUES
  ('draft',      'Taslak',       1, 0, 1, '2026-01-01T08:00:00.000Z', '2026-01-01T08:00:00.000Z'),
  ('submitted',  'Gönderildi',   2, 0, 1, '2026-01-01T08:00:00.000Z', '2026-01-01T08:00:00.000Z'),
  ('returned',   'İade Edildi',  3, 0, 1, '2026-01-01T08:00:00.000Z', '2026-01-01T08:00:00.000Z'),
  ('approved',   'Onaylandı',    4, 1, 1, '2026-01-01T08:00:00.000Z', '2026-01-01T08:00:00.000Z');

-- ============================================================
-- CONFIG: SLA Rules
-- ============================================================
INSERT IGNORE INTO config_sla_rules (id, priority_code, due_minutes, is_active, created_at, updated_at) VALUES
  ('sla-0001-0000-0000-000000000001', 'critical', 60,  1, '2026-01-01T08:00:00.000Z', '2026-01-01T08:00:00.000Z'),
  ('sla-0001-0000-0000-000000000002', 'high',     240, 1, '2026-01-01T08:00:00.000Z', '2026-01-01T08:00:00.000Z'),
  ('sla-0001-0000-0000-000000000003', 'medium',   1440,1, '2026-01-01T08:00:00.000Z', '2026-01-01T08:00:00.000Z'),
  ('sla-0001-0000-0000-000000000004', 'low',      4320,1, '2026-01-01T08:00:00.000Z', '2026-01-01T08:00:00.000Z');

-- ============================================================
-- COMPANIES (Firmalar)
-- ============================================================
INSERT IGNORE INTO companies (id, name, notes, is_active, created_by, created_at, updated_at) VALUES
  ('comp-0001-0000-0000-000000000001', 'ABC Lojistik A.Ş.',   'Ana Taşıma firması',     1, 'user-0001-0000-0000-000000000001', '2026-01-01T08:00:00.000Z', '2026-01-01T08:00:00.000Z'),
  ('comp-0001-0000-0000-000000000002', 'XYZ Nakliyat Ltd.',    'Güzergah 2 operatörü',  1, 'user-0001-0000-0000-000000000001', '2026-01-01T08:00:00.000Z', '2026-01-01T08:00:00.000Z'),
  ('comp-0001-0000-0000-000000000003', 'Hızlı Servis Tur.',    'Yedek firma',            1, 'user-0001-0000-0000-000000000001', '2026-01-01T08:00:00.000Z', '2026-01-01T08:00:00.000Z'),
  ('comp-0001-0000-0000-000000000004', 'Güvenli Taşımacılık', NULL,                     0, 'user-0001-0000-0000-000000000001', '2026-01-01T08:00:00.000Z', '2026-01-01T08:00:00.000Z');

-- ============================================================
-- COMPANY VEHICLES (Firma Araçları)
-- ============================================================
INSERT IGNORE INTO company_vehicles (id, company_id, plate, notes, is_active, created_at, updated_at) VALUES
  ('cveh-001-0000-0000-000000000001', 'comp-0001-0000-0000-000000000001', '34 ABC 001', NULL, 1, '2026-01-01T08:00:00.000Z', '2026-01-01T08:00:00.000Z'),
  ('cveh-001-0000-0000-000000000002', 'comp-0001-0000-0000-000000000001', '34 ABC 002', NULL, 1, '2026-01-01T08:00:00.000Z', '2026-01-01T08:00:00.000Z'),
  ('cveh-001-0000-0000-000000000003', 'comp-0001-0000-0000-000000000002', '34 XYZ 001', NULL, 1, '2026-01-01T08:00:00.000Z', '2026-01-01T08:00:00.000Z'),
  ('cveh-001-0000-0000-000000000004', 'comp-0001-0000-0000-000000000002', '34 XYZ 002', NULL, 1, '2026-01-01T08:00:00.000Z', '2026-01-01T08:00:00.000Z'),
  ('cveh-001-0000-0000-000000000005', 'comp-0001-0000-0000-000000000003', '06 HRZ 001', NULL, 1, '2026-01-01T08:00:00.000Z', '2026-01-01T08:00:00.000Z');

-- ============================================================
-- VEHICLES (Servis Araçları)
-- ============================================================
INSERT IGNORE INTO vehicles (id, plate, type, capacity, brand, model, year, driver_name, driver_phone, status_code, notes, created_by, created_at, updated_at) VALUES
  ('veh-0001-0000-0000-000000000001', '34 SRV 101', 'minibus', 14, 'Mercedes', 'Sprinter',  2021, 'Kadir Şahin',    '0532 111 0001', 'active', NULL, 'user-0001-0000-0000-000000000001', '2026-01-01T08:00:00.000Z', '2026-01-01T08:00:00.000Z'),
  ('veh-0001-0000-0000-000000000002', '34 SRV 102', 'minibus', 14, 'Ford',     'Transit',   2022, 'Murat Yıldız',  '0532 111 0002', 'active', NULL, 'user-0001-0000-0000-000000000001', '2026-01-01T08:00:00.000Z', '2026-01-01T08:00:00.000Z'),
  ('veh-0001-0000-0000-000000000003', '34 SRV 103', 'minibus', 17, 'Volkswagen','Crafter',  2020, 'Serdar Aydın',  '0532 111 0003', 'active', NULL, 'user-0001-0000-0000-000000000001', '2026-01-01T08:00:00.000Z', '2026-01-01T08:00:00.000Z'),
  ('veh-0001-0000-0000-000000000004', '34 SRV 104', 'midibus', 25, 'Mercedes', 'Sprinter',  2019, 'Kemal Doğan',   '0532 111 0004', 'maintenance', 'Bakımda', 'user-0001-0000-0000-000000000001', '2026-01-01T08:00:00.000Z', '2026-01-01T08:00:00.000Z'),
  ('veh-0001-0000-0000-000000000005', '34 SRV 105', 'minibus', 14, 'Ford',     'Transit',   2023, 'Emre Koç',      '0532 111 0005', 'active', NULL, 'user-0001-0000-0000-000000000001', '2026-01-01T08:00:00.000Z', '2026-01-01T08:00:00.000Z');

-- ============================================================
-- ROUTES (Güzergahlar)
-- ============================================================
INSERT IGNORE INTO routes (id, name, code, direction, morning_departure, morning_arrival, evening_departure, evening_arrival, stops_json, vehicle_id, is_active, notes, created_by, created_at, updated_at) VALUES
  ('rout-0001-0000-0000-000000000001', 'Kadıköy - Merkez',    'KD-MRK', 'both', '07:30', '08:30', '18:00', '19:00',
   '[{"name":"Kadıköy İskele","order":1},{"name":"Acıbadem","order":2},{"name":"Kozyatağı","order":3},{"name":"Merkez","order":4}]',
   'veh-0001-0000-0000-000000000001', 1, NULL, 'user-0001-0000-0000-000000000001', '2026-01-01T08:00:00.000Z', '2026-01-01T08:00:00.000Z'),
  ('rout-0001-0000-0000-000000000002', 'Ümraniye - Merkez',   'UM-MRK', 'both', '07:15', '08:30', '18:00', '19:15',
   '[{"name":"Ümraniye Meydan","order":1},{"name":"Çakmak","order":2},{"name":"Dudullu","order":3},{"name":"Merkez","order":4}]',
   'veh-0001-0000-0000-000000000002', 1, NULL, 'user-0001-0000-0000-000000000001', '2026-01-01T08:00:00.000Z', '2026-01-01T08:00:00.000Z'),
  ('rout-0001-0000-0000-000000000003', 'Bostancı - Merkez',   'BS-MRK', 'both', '07:45', '08:30', '18:00', '18:45',
   '[{"name":"Bostancı","order":1},{"name":"Caddebostan","order":2},{"name":"Suadiye","order":3},{"name":"Merkez","order":4}]',
   'veh-0001-0000-0000-000000000003', 1, NULL, 'user-0001-0000-0000-000000000001', '2026-01-01T08:00:00.000Z', '2026-01-01T08:00:00.000Z'),
  ('rout-0001-0000-0000-000000000004', 'Maltepe - Merkez',    'ML-MRK', 'morning', '07:00', '08:30', NULL, NULL,
   '[{"name":"Maltepe","order":1},{"name":"Kartal","order":2},{"name":"Pendik","order":3},{"name":"Merkez","order":4}]',
   'veh-0001-0000-0000-000000000005', 1, NULL, 'user-0001-0000-0000-000000000001', '2026-01-01T08:00:00.000Z', '2026-01-01T08:00:00.000Z');

-- ============================================================
-- TRIPS (Seferler - Son 7 gün)
-- ============================================================
INSERT IGNORE INTO trips (id, trip_date, route_id, vehicle_id, direction, planned_departure, actual_departure, planned_arrival, actual_arrival, passenger_count, status_code, delay_minutes, notes, created_by, created_at, updated_at) VALUES
  ('trip-001-0000-0000-000000000001', '2026-03-06', 'rout-0001-0000-0000-000000000001', 'veh-0001-0000-0000-000000000001', 'morning', '07:30', '07:31', '08:30', '08:28', 12, 'completed', 0,  NULL, 'user-0001-0000-0000-000000000003', '2026-03-06T07:30:00.000Z', '2026-03-06T08:30:00.000Z'),
  ('trip-001-0000-0000-000000000002', '2026-03-06', 'rout-0001-0000-0000-000000000002', 'veh-0001-0000-0000-000000000002', 'morning', '07:15', '07:22', '08:30', '08:37', 10, 'completed', 7,  'Trafik nedeniyle gecikme', 'user-0001-0000-0000-000000000003', '2026-03-06T07:15:00.000Z', '2026-03-06T08:40:00.000Z'),
  ('trip-001-0000-0000-000000000003', '2026-03-06', 'rout-0001-0000-0000-000000000003', 'veh-0001-0000-0000-000000000003', 'morning', '07:45', '07:45', '08:30', '08:30', 14, 'completed', 0,  NULL, 'user-0001-0000-0000-000000000003', '2026-03-06T07:45:00.000Z', '2026-03-06T08:30:00.000Z'),
  ('trip-001-0000-0000-000000000004', '2026-03-07', 'rout-0001-0000-0000-000000000001', 'veh-0001-0000-0000-000000000001', 'morning', '07:30', '07:33', '08:30', '08:35', 11, 'completed', 5,  NULL, 'user-0001-0000-0000-000000000003', '2026-03-07T07:30:00.000Z', '2026-03-07T08:35:00.000Z'),
  ('trip-001-0000-0000-000000000005', '2026-03-10', 'rout-0001-0000-0000-000000000001', 'veh-0001-0000-0000-000000000001', 'morning', '07:30', '07:30', '08:30', '08:30', 13, 'completed', 0,  NULL, 'user-0001-0000-0000-000000000003', '2026-03-10T07:30:00.000Z', '2026-03-10T08:30:00.000Z'),
  ('trip-001-0000-0000-000000000006', '2026-03-11', 'rout-0001-0000-0000-000000000002', 'veh-0001-0000-0000-000000000002', 'morning', '07:15', '07:15', '08:30', '08:30', 9,  'completed', 0,  NULL, 'user-0001-0000-0000-000000000003', '2026-03-11T07:15:00.000Z', '2026-03-11T08:30:00.000Z'),
  ('trip-001-0000-0000-000000000007', '2026-03-12', 'rout-0001-0000-0000-000000000001', 'veh-0001-0000-0000-000000000001', 'morning', '07:30', NULL,    '08:30', NULL,    0,  'planned',   0,  NULL, 'user-0001-0000-0000-000000000003', '2026-03-12T06:00:00.000Z', '2026-03-12T06:00:00.000Z'),
  ('trip-001-0000-0000-000000000008', '2026-03-12', 'rout-0001-0000-0000-000000000002', 'veh-0001-0000-0000-000000000002', 'morning', '07:15', NULL,    '08:30', NULL,    0,  'planned',   0,  NULL, 'user-0001-0000-0000-000000000003', '2026-03-12T06:00:00.000Z', '2026-03-12T06:00:00.000Z'),
  ('trip-001-0000-0000-000000000009', '2026-03-12', 'rout-0001-0000-0000-000000000003', 'veh-0001-0000-0000-000000000003', 'morning', '07:45', NULL,    '08:30', NULL,    0,  'planned',   0,  NULL, 'user-0001-0000-0000-000000000003', '2026-03-12T06:00:00.000Z', '2026-03-12T06:00:00.000Z');

-- ============================================================
-- TICKETS (Destek Talepleri)
-- ============================================================
INSERT IGNORE INTO counters (name, value) VALUES ('ticket_no', 5) ON DUPLICATE KEY UPDATE value = GREATEST(value, 5);

INSERT IGNORE INTO tickets (id, ticket_no, title, description, category_id, priority_code, status_code, tag_ids, sla_due_at, created_by, assigned_to, department_id, solved_at, closed_at, created_at, updated_at) VALUES
  ('tick-0001-0000-0000-000000000001', 'TKT-00001', 'Araç GPS sistemi çalışmıyor',
   '34 SRV 101 plakalı araçta GPS sinyali kayboldu, konum takibi yapılamıyor.',
   'cat-0001-0000-0000-000000000001', 'high', 'in_progress',
   '["tag-0001-0000-0000-000000000001"]',
   '2026-03-12T12:00:00.000Z',
   'user-0001-0000-0000-000000000004', 'user-0001-0000-0000-000000000005',
   'dept-0001-0000-0000-000000000003', NULL, NULL,
   '2026-03-12T08:00:00.000Z', '2026-03-12T08:00:00.000Z'),

  ('tick-0001-0000-0000-000000000002', 'TKT-00002', 'Raporlama modülünde tarih filtresi hatası',
   'Ay bazlı raporlar açıldığında "Invalid date" hatası alınıyor.',
   'cat-0001-0000-0000-000000000002', 'medium', 'open',
   '[]',
   '2026-03-13T08:00:00.000Z',
   'user-0001-0000-0000-000000000004', NULL,
   'dept-0001-0000-0000-000000000003', NULL, NULL,
   '2026-03-11T14:00:00.000Z', '2026-03-11T14:00:00.000Z'),

  ('tick-0001-0000-0000-000000000003', 'TKT-00003', 'Yeni sürücü ekleme talebi',
   'Maltepe güzergahı için ek sürücüye ihtiyaç var.',
   'cat-0001-0000-0000-000000000004', 'low', 'open',
   '[]', NULL,
   'user-0001-0000-0000-000000000007', 'user-0001-0000-0000-000000000003',
   'dept-0001-0000-0000-000000000004', NULL, NULL,
   '2026-03-10T10:00:00.000Z', '2026-03-10T10:00:00.000Z'),

  ('tick-0001-0000-0000-000000000004', 'TKT-00004', 'Araç klima arızası - 34 SRV 102',
   'Klima kompresörü çalışmıyor. Yolcular şikayetçi.',
   'cat-0001-0000-0000-000000000001', 'high', 'solved',
   '["tag-0001-0000-0000-000000000001"]',
   '2026-03-08T14:00:00.000Z',
   'user-0001-0000-0000-000000000004', 'user-0001-0000-0000-000000000005',
   'dept-0001-0000-0000-000000000003',
   '2026-03-09T11:00:00.000Z', NULL,
   '2026-03-08T09:00:00.000Z', '2026-03-09T11:00:00.000Z'),

  ('tick-0001-0000-0000-000000000005', 'TKT-00005', 'Güzergah saatlerinin güncellenmesi',
   'Kadıköy güzergahı sabah kalkış 07:30 den 07:15 e çekilmesi talep ediliyor.',
   'cat-0001-0000-0000-000000000004', 'medium', 'waiting',
   '["tag-0001-0000-0000-000000000002"]', NULL,
   'user-0001-0000-0000-000000000003', 'user-0001-0000-0000-000000000002',
   'dept-0001-0000-0000-000000000002', NULL, NULL,
   '2026-03-09T16:00:00.000Z', '2026-03-09T16:00:00.000Z');

-- ============================================================
-- TODOS (Yapılacaklar)
-- ============================================================
INSERT IGNORE INTO todos (id, title, description, status_code, priority_code, assigned_to, created_by, department_id, due_date, completed_at, created_at, updated_at) VALUES
  ('todo-0001-0000-0000-000000000001', 'Araç muayene listesini hazırla', 'Mart ayı muayene tarihi gelen araçların listesi çıkarılacak.', 'doing',   'high',   'user-0001-0000-0000-000000000005', 'user-0001-0000-0000-000000000003', 'dept-0001-0000-0000-000000000003', '2026-03-15', NULL,                         '2026-03-05T09:00:00.000Z', '2026-03-10T10:00:00.000Z'),
  ('todo-0001-0000-0000-000000000002', 'Sürücü özlük dosyalarını güncelle', 'Yeni giren 2 sürücünün evrakları sisteme işlenecek.', 'todo',    'medium', 'user-0001-0000-0000-000000000007', 'user-0001-0000-0000-000000000002', 'dept-0001-0000-0000-000000000004', '2026-03-20', NULL,                         '2026-03-08T11:00:00.000Z', '2026-03-08T11:00:00.000Z'),
  ('todo-0001-0000-0000-000000000003', 'Aylık yakıt raporunu hazırla', 'Şubat ayı yakıt tüketim raporu yöneticiye sunulacak.', 'done',    'medium', 'user-0001-0000-0000-000000000003', 'user-0001-0000-0000-000000000002', 'dept-0001-0000-0000-000000000002', '2026-03-05', '2026-03-05T16:00:00.000Z', '2026-03-01T08:00:00.000Z', '2026-03-05T16:00:00.000Z'),
  ('todo-0001-0000-0000-000000000004', 'Trafik sigortası yenilemesi - 34 SRV 103', 'Poliçe bitiş tarihi 01 Nisan.', 'todo',    'high',   'user-0001-0000-0000-000000000003', 'user-0001-0000-0000-000000000002', 'dept-0001-0000-0000-000000000002', '2026-03-25', NULL,                         '2026-03-10T09:00:00.000Z', '2026-03-10T09:00:00.000Z'),
  ('todo-0001-0000-0000-000000000005', 'Yolcu memnuniyet anketi gönder', 'Mart ayı anket formu tüm güzergah yolcularına e-posta ile iletilecek.', 'blocked', 'low',    'user-0001-0000-0000-000000000004', 'user-0001-0000-0000-000000000003', 'dept-0001-0000-0000-000000000002', '2026-03-18', NULL,                         '2026-03-11T13:00:00.000Z', '2026-03-11T13:00:00.000Z'),
  ('todo-0001-0000-0000-000000000006', 'GPS yazılımı güncelleme', 'Araç takip sisteminin 2.5.1 versiyonuna güncellenmesi.', 'doing',   'high',   'user-0001-0000-0000-000000000005', 'user-0001-0000-0000-000000000006', 'dept-0001-0000-0000-000000000003', '2026-03-14', NULL,                         '2026-03-12T08:00:00.000Z', '2026-03-12T08:00:00.000Z');

-- ============================================================
-- DRIVER EVALUATIONS (Şoför Değerlendirmeleri)
-- ============================================================
INSERT IGNORE INTO driver_evaluations (id, evaluation_date, driver_name, plate, vehicle_info, route_text, company_id, score_punctuality, score_driving, score_communication, score_cleanliness, score_route_compliance, score_appearance, notes, created_by, created_at, updated_at) VALUES
  ('drev-0001-0000-0000-000000000001', '2026-03-06', 'Kadir Şahin',   '34 SRV 101', 'Mercedes Sprinter 2021', 'Kadıköy - Merkez',  NULL, 5, 4, 5, 5, 5, 4, NULL,                       'user-0001-0000-0000-000000000003', '2026-03-06T09:00:00.000Z', '2026-03-06T09:00:00.000Z'),
  ('drev-0001-0000-0000-000000000002', '2026-03-06', 'Murat Yıldız', '34 SRV 102', 'Ford Transit 2022',      'Ümraniye - Merkez', NULL, 3, 4, 4, 4, 3, 4, '7 dk gecikme kaydedildi.', 'user-0001-0000-0000-000000000003', '2026-03-06T09:00:00.000Z', '2026-03-06T09:00:00.000Z'),
  ('drev-0001-0000-0000-000000000003', '2026-03-10', 'Kadir Şahin',   '34 SRV 101', 'Mercedes Sprinter 2021', 'Kadıköy - Merkez',  NULL, 5, 5, 5, 5, 5, 5, 'Mükemmel performans.',     'user-0001-0000-0000-000000000003', '2026-03-10T09:00:00.000Z', '2026-03-10T09:00:00.000Z'),
  ('drev-0001-0000-0000-000000000004', '2026-03-11', 'Serdar Aydın', '34 SRV 103', 'VW Crafter 2020',        'Bostancı - Merkez', NULL, 4, 5, 4, 5, 5, 4, NULL,                       'user-0001-0000-0000-000000000003', '2026-03-11T09:00:00.000Z', '2026-03-11T09:00:00.000Z');

-- ============================================================
-- DRIVER RECORDS (Şoför Sicil)
-- ============================================================
INSERT IGNORE INTO driver_records (id, driver_name, vehicle_id, vehicle_plate, incident_date, category, severity, description, action_taken, reported_by, created_at, updated_at) VALUES
  ('drec-0001-0000-0000-000000000001', 'Murat Yıldız', 'veh-0001-0000-0000-000000000002', '34 SRV 102', '2026-02-15', 'trafik', 2, 'Kırmızı ışık ihlali - Kozyatağı kavşağı.', 'Sözlü uyarı yapıldı.', 'user-0001-0000-0000-000000000003', '2026-02-15T14:00:00.000Z', '2026-02-15T14:00:00.000Z'),
  ('drec-0001-0000-0000-000000000002', 'Kemal Doğan',  'veh-0001-0000-0000-000000000004', '34 SRV 104', '2026-03-01', 'kaza',   3, 'Hafif çarpışma - arka tampon hasarı.', 'Hasar tespit tutanağı düzenlendi, sigorta bildirimi yapıldı.', 'user-0001-0000-0000-000000000003', '2026-03-01T10:00:00.000Z', '2026-03-01T10:00:00.000Z');

-- ============================================================
-- WORKLOGS (İş Günlükleri)
-- ============================================================
INSERT IGNORE INTO worklogs (id, user_id, work_date, summary, status_code, submitted_at, returned_at, approved_at, manager_note, created_at, updated_at) VALUES
  ('wlog-0001-0000-0000-000000000001', 'user-0001-0000-0000-000000000004', '2026-03-11', 'Sabah sefer kontrolü, 2 araç teslimi, arıza kaydı girişi.', 'approved', '2026-03-11T17:00:00.000Z', NULL, '2026-03-11T18:00:00.000Z', NULL, '2026-03-11T08:00:00.000Z', '2026-03-11T18:00:00.000Z'),
  ('wlog-0001-0000-0000-000000000002', 'user-0001-0000-0000-000000000005', '2026-03-11', 'GPS arıza tespiti, araç bakım koordinasyonu.', 'submitted',  '2026-03-11T17:30:00.000Z', NULL, NULL, NULL, '2026-03-11T08:00:00.000Z', '2026-03-11T17:30:00.000Z'),
  ('wlog-0001-0000-0000-000000000003', 'user-0001-0000-0000-000000000004', '2026-03-10', 'Rutin kontroller ve yolcu sayım raporlaması.', 'approved',  '2026-03-10T17:00:00.000Z', NULL, '2026-03-10T18:30:00.000Z', NULL, '2026-03-10T08:00:00.000Z', '2026-03-10T18:30:00.000Z'),
  ('wlog-0001-0000-0000-000000000004', 'user-0001-0000-0000-000000000004', '2026-03-12', 'Bugünkü planlı seferlerin hazırlığı.', 'draft', NULL, NULL, NULL, NULL, '2026-03-12T08:00:00.000Z', '2026-03-12T08:00:00.000Z');

-- ============================================================
-- WORKLOG ITEMS
-- ============================================================
INSERT IGNORE INTO worklog_items (id, worklog_id, title, category_id, duration_minutes, tag_ids, linked_todo_id, linked_ticket_id, note, created_at, updated_at) VALUES
  ('wlgi-0001-0000-0000-000000000001', 'wlog-0001-0000-0000-000000000001', 'Sabah sefer denetimi',    'cat-0001-0000-0000-000000000010', 60,  '["tag-0001-0000-0000-000000000004"]', NULL, NULL, '3 güzergah kontrol edildi.', '2026-03-11T08:00:00.000Z', '2026-03-11T08:00:00.000Z'),
  ('wlgi-0001-0000-0000-000000000002', 'wlog-0001-0000-0000-000000000001', 'Araç teslim işlemleri',   'cat-0001-0000-0000-000000000007', 90,  '["tag-0001-0000-0000-000000000004"]', NULL, NULL, NULL, '2026-03-11T09:00:00.000Z', '2026-03-11T09:00:00.000Z'),
  ('wlgi-0001-0000-0000-000000000003', 'wlog-0001-0000-0000-000000000001', 'Arıza bildirim kaydı',    'cat-0001-0000-0000-000000000009', 30,  '[]', NULL, 'tick-0001-0000-0000-000000000001', NULL, '2026-03-11T10:30:00.000Z', '2026-03-11T10:30:00.000Z'),
  ('wlgi-0001-0000-0000-000000000004', 'wlog-0001-0000-0000-000000000002', 'GPS arıza tespiti',       'cat-0001-0000-0000-000000000001', 120, '["tag-0001-0000-0000-000000000001"]', NULL, 'tick-0001-0000-0000-000000000001', '34 SRV 101 incelendi.', '2026-03-11T08:00:00.000Z', '2026-03-11T08:00:00.000Z'),
  ('wlgi-0001-0000-0000-000000000005', 'wlog-0001-0000-0000-000000000002', 'Bakım koordinasyon top.', 'cat-0001-0000-0000-000000000008', 60,  '["tag-0001-0000-0000-000000000005"]', 'todo-0001-0000-0000-000000000001', NULL, NULL, '2026-03-11T10:00:00.000Z', '2026-03-11T10:00:00.000Z');

SET foreign_key_checks = 1;

-- ============================================================
-- ÖZET
-- departments: 5 | users: 7 (şifre: Aycan2026!)
-- companies: 4 | company_vehicles: 5 | vehicles: 5
-- routes: 4 | trips: 9 | tickets: 5 | todos: 6
-- driver_evaluations: 4 | driver_records: 2
-- worklogs: 4 | worklog_items: 5
-- ============================================================
